"REF_YEAR";"GEO_COMM";"GEO_CANT";"VALUE"
"2020";"1";"1";25.4505527244825
"2020";"2";"1";65.0238795247284
"2020";"3";"1";31.1100389339498
"2020";"4";"1";40.7945957278438
"2020";"5";"1";32.4162152117401
"2020";"6";"1";19.5328497963202
"2020";"7";"1";22.4484935587521
"2020";"8";"1";12.3646964107016
"2020";"9";"1";61.1896596376034
"2020";"10";"1";36.0490205492702
"2020";"11";"1";21.3078268290466
"2020";"12";"1";18.6742091354808
"2020";"13";"1";37.4255816761325
"2020";"14";"1";24.8464438791552
"2020";"21";"1";21.3473017556783
"2020";"22";"1";18.5335385428917
"2020";"23";"1";13.1317548453809
"2020";"24";"1";25.0748007151772
"2020";"25";"1";17.8040417248632
"2020";"26";"1";17.2562090354393
"2020";"27";"1";21.8944974015435
"2020";"28";"1";34.2492952336905
"2020";"29";"1";12.9425186136493
"2020";"30";"1";37.7841919759010
"2020";"31";"1";19.7879168546452
"2020";"32";"1";15.7847989147251
"2020";"33";"1";37.4255890017162
"2020";"34";"1";23.6740701363466
"2020";"35";"1";41.1383485902735
"2020";"37";"1";37.8130116092307
"2020";"38";"1";28.9612571476397
"2020";"39";"1";22.1466286929026
"2020";"40";"1";32.0583141457301
"2020";"41";"1";12.3232884229564
"2020";"43";"1";6.7838196994079
"2020";"51";"1";29.8178790647082
"2020";"52";"1";53.6668058111700
"2020";"53";"1";102.9740471894720
"2020";"54";"1";33.3767868006930
"2020";"55";"1";41.3825803938221
"2020";"56";"1";56.8674774529011
"2020";"57";"1";24.3333956691540
"2020";"58";"1";66.6760491252366
"2020";"59";"1";18.1068806845772
"2020";"60";"1";24.7566775678146
"2020";"61";"1";18.1664758255123
"2020";"62";"1";102.2056031590740
"2020";"63";"1";22.0645483348294
"2020";"64";"1";43.2887971366961
"2020";"65";"1";33.0565234641410
"2020";"66";"1";55.3164903279835
"2020";"67";"1";50.0004540061416
"2020";"68";"1";21.2290054132185
"2020";"69";"1";64.4894371077458
"2020";"70";"1";6.6338113529749
"2020";"71";"1";28.1887439354810
"2020";"72";"1";46.4283757313412
"2020";"81";"1";24.8721802568461
"2020";"82";"1";11.2175727368323
"2020";"83";"1";35.8043039246248
"2020";"84";"1";19.6508900770066
"2020";"85";"1";10.3314811246646
"2020";"86";"1";35.9710760589943
"2020";"87";"1";6.7511853904840
"2020";"88";"1";27.1568832080638
"2020";"89";"1";24.9526265400917
"2020";"90";"1";51.1004979516499
"2020";"91";"1";25.5273823253740
"2020";"92";"1";31.4857702713474
"2020";"93";"1";15.2501389239986
"2020";"94";"1";25.2479011002825
"2020";"95";"1";10.6051541550849
"2020";"96";"1";81.1976927060444
"2020";"97";"1";61.8310458997257
"2020";"98";"1";14.1867464523785
"2020";"99";"1";17.7473313308298
"2020";"100";"1";44.2519584466964
"2020";"101";"1";43.9125318402768
"2020";"102";"1";24.5208928550659
"2020";"111";"1";64.8329608635030
"2020";"112";"1";63.3020749947951
"2020";"113";"1";53.2977160505366
"2020";"114";"1";51.8921082327781
"2020";"115";"1";90.0057701402499
"2020";"116";"1";36.6821864403277
"2020";"117";"1";101.5412977456580
"2020";"118";"1";55.1434657971084
"2020";"119";"1";13.3818040767147
"2020";"120";"1";90.0424740963243
"2020";"121";"1";99.3329262054755
"2020";"131";"1";55.7246615876524
"2020";"135";"1";30.9954076021623
"2020";"136";"1";42.6952479926658
"2020";"137";"1";18.8196198723962
"2020";"138";"1";57.8713483626412
"2020";"139";"1";27.9257799988900
"2020";"141";"1";53.4059922789751
"2020";"151";"1";25.2606682530097
"2020";"152";"1";43.2444764239808
"2020";"153";"1";60.2855684462586
"2020";"154";"1";81.9648877977295
"2020";"155";"1";43.9367905391742
"2020";"156";"1";75.6237740830252
"2020";"157";"1";35.4934699119304
"2020";"158";"1";64.4226645321380
"2020";"159";"1";27.9927968702256
"2020";"160";"1";36.7378620461591
"2020";"161";"1";57.4688512593296
"2020";"172";"1";39.1299851426831
"2020";"173";"1";45.9438581039592
"2020";"176";"1";50.6238461603297
"2020";"177";"1";78.5287883762378
"2020";"178";"1";46.5902873837553
"2020";"180";"1";41.5132749434774
"2020";"181";"1";31.8313449100958
"2020";"182";"1";33.4382648313069
"2020";"191";"1";98.5109344011297
"2020";"192";"1";81.9900674323962
"2020";"193";"1";31.8956188507707
"2020";"194";"1";14.0663444609044
"2020";"195";"1";74.7813087813173
"2020";"196";"1";27.8596275472567
"2020";"197";"1";16.5611294152842
"2020";"198";"1";151.8155407269660
"2020";"199";"1";76.7408417731267
"2020";"200";"1";36.7910946975136
"2020";"211";"1";21.5541669759878
"2020";"213";"1";20.3825544690717
"2020";"214";"1";24.4613278647885
"2020";"215";"1";10.1723167981147
"2020";"216";"1";24.9561447535350
"2020";"218";"1";18.8133586821873
"2020";"219";"1";40.5792947381769
"2020";"220";"1";25.7977888613687
"2020";"221";"1";29.2715014825373
"2020";"223";"1";67.5499022986541
"2020";"224";"1";25.0817225036508
"2020";"225";"1";29.4544091948394
"2020";"226";"1";28.5422982842412
"2020";"227";"1";43.8076325650018
"2020";"228";"1";69.2344318771958
"2020";"230";"1";423.2492535576160
"2020";"231";"1";57.1358563011302
"2020";"241";"1";16.3636146159206
"2020";"242";"1";60.8221854815063
"2020";"243";"1";79.5355321349805
"2020";"244";"1";17.6992215591674
"2020";"245";"1";16.2412719588654
"2020";"246";"1";12.6375589844609
"2020";"247";"1";53.9503482288515
"2020";"248";"1";25.2125412316247
"2020";"249";"1";20.0569139022502
"2020";"250";"1";41.0218603518066
"2020";"251";"1";26.0484682360935
"2020";"261";"1";847.2737272768600
"2020";"292";"1";72.5920777355510
"2020";"293";"1";160.6436080043350
"2020";"294";"1";87.6578935931217
"2020";"295";"1";121.5785859069190
"2020";"296";"1";133.7674709842770
"2020";"297";"1";76.2632120743398
"2020";"298";"1";88.9756838874002
"2020";"301";"2";44.1837195031061
"2020";"302";"2";18.2866110211996
"2020";"303";"2";49.5294798321055
"2020";"304";"2";52.1927788724735
"2020";"305";"2";25.9635209176833
"2020";"306";"2";90.2013582335883
"2020";"307";"2";32.5856405529059
"2020";"309";"2";38.8450618417837
"2020";"310";"2";60.0370616238281
"2020";"311";"2";67.0146101020796
"2020";"312";"2";63.7955529738222
"2020";"321";"2";45.5369370272342
"2020";"322";"2";13.7683400691050
"2020";"323";"2";17.0635648708876
"2020";"324";"2";13.4971160424552
"2020";"325";"2";8.1567996874067
"2020";"326";"2";21.5389018693449
"2020";"329";"2";110.1356229936300
"2020";"331";"2";23.1857170731687
"2020";"332";"2";62.6114345561455
"2020";"333";"2";27.6317840051319
"2020";"334";"2";11.3220883170635
"2020";"335";"2";7.7895660783918
"2020";"336";"2";6.4948785429062
"2020";"337";"2";41.8059806910336
"2020";"338";"2";19.7407808179352
"2020";"339";"2";15.2341592360434
"2020";"340";"2";9.8336733725312
"2020";"341";"2";13.1396770589836
"2020";"342";"2";46.3646024648823
"2020";"344";"2";24.0271866355131
"2020";"345";"2";21.6925118165967
"2020";"351";"2";416.0141598223800
"2020";"352";"2";45.6810216904827
"2020";"353";"2";14.4427738014024
"2020";"354";"2";36.9622991033774
"2020";"355";"2";208.9993801963630
"2020";"356";"2";59.1004950998945
"2020";"357";"2";25.8833876034025
"2020";"358";"2";16.0041136981345
"2020";"359";"2";61.5332033905525
"2020";"360";"2";105.9469748786010
"2020";"361";"2";41.3303404089852
"2020";"362";"2";39.3152848429427
"2020";"363";"2";43.4977764309988
"2020";"371";"2";170.6648782192690
"2020";"372";"2";21.6412190540792
"2020";"381";"2";26.0536033807497
"2020";"382";"2";11.1961258747088
"2020";"383";"2";45.6616204091593
"2020";"385";"2";14.8221249551908
"2020";"386";"2";18.1007880121958
"2020";"387";"2";42.4238719116034
"2020";"388";"2";27.1447285826711
"2020";"389";"2";2.2350984747715
"2020";"390";"2";18.4476550733879
"2020";"391";"2";16.6362065493060
"2020";"392";"2";42.6767422779241
"2020";"393";"2";16.9222583637585
"2020";"394";"2";18.9026698236220
"2020";"401";"2";10.4232150584831
"2020";"402";"2";13.8795229768537
"2020";"403";"2";10.7575053079683
"2020";"404";"2";92.1171691516457
"2020";"405";"2";37.3713884981048
"2020";"406";"2";58.0345676486164
"2020";"407";"2";45.5124129341738
"2020";"408";"2";4.6415404275242
"2020";"409";"2";29.3946547512636
"2020";"410";"2";6.4765705358472
"2020";"411";"2";10.7920316231251
"2020";"412";"2";43.2490820095951
"2020";"413";"2";25.5751748818688
"2020";"414";"2";51.6072837819231
"2020";"415";"2";25.6995202568494
"2020";"416";"2";8.4430353048684
"2020";"418";"2";41.2074277614965
"2020";"420";"2";18.3268721266010
"2020";"421";"2";6.7410485773317
"2020";"422";"2";3.0410924892219
"2020";"423";"2";5.0159960093573
"2020";"424";"2";74.1346405485467
"2020";"431";"2";35.0602837559422
"2020";"432";"2";18.7534971855636
"2020";"433";"2";22.7948421775920
"2020";"434";"2";35.6068906703076
"2020";"435";"2";23.5647748623596
"2020";"437";"2";8.8913796588139
"2020";"438";"2";36.1432975823462
"2020";"441";"2";24.5207268768446
"2020";"442";"2";15.7742350740606
"2020";"443";"2";62.0728726596107
"2020";"444";"2";27.9186230842051
"2020";"445";"2";46.2310218830376
"2020";"446";"2";59.0700259734680
"2020";"448";"2";23.7818440641619
"2020";"449";"2";25.1466074264663
"2020";"450";"2";39.4924926411960
"2020";"491";"2";19.3140342155554
"2020";"492";"2";16.2485657774163
"2020";"493";"2";15.1865902817965
"2020";"494";"2";19.9316519247063
"2020";"495";"2";33.6686522336090
"2020";"496";"2";69.0341053193625
"2020";"497";"2";12.6559653006336
"2020";"498";"2";24.6175402802448
"2020";"499";"2";19.8612100503987
"2020";"500";"2";17.4647692530545
"2020";"501";"2";8.6326796536378
"2020";"502";"2";10.8906456862710
"2020";"533";"2";37.4505312786186
"2020";"535";"2";5.5467331638105
"2020";"536";"2";4.8373488721490
"2020";"538";"2";85.4174951460810
"2020";"540";"2";48.8913027044538
"2020";"541";"2";12.7256211822667
"2020";"543";"2";10.2908301025409
"2020";"544";"2";30.9611747783745
"2020";"546";"2";49.8808022086188
"2020";"551";"2";31.4353008815326
"2020";"552";"2";55.2090956313404
"2020";"553";"2";5.1996948516793
"2020";"554";"2";14.1946367595859
"2020";"556";"2";6.6863792712191
"2020";"557";"2";9.2984313750928
"2020";"561";"2";79.6632713992610
"2020";"562";"2";39.4477058487758
"2020";"563";"2";108.3683500219750
"2020";"564";"2";21.2462890072089
"2020";"565";"2";32.9844653092760
"2020";"566";"2";12.7425335303900
"2020";"567";"2";105.3752709159110
"2020";"571";"2";45.3096712197372
"2020";"572";"2";23.3466000622793
"2020";"573";"2";55.9895662354777
"2020";"574";"2";15.3679900927497
"2020";"575";"2";7.3016888306388
"2020";"576";"2";98.1737818586050
"2020";"577";"2";5.8127480414821
"2020";"578";"2";7.5601404543232
"2020";"579";"2";40.1517785571258
"2020";"580";"2";17.2140471192071
"2020";"581";"2";34.3391816479194
"2020";"582";"2";22.9783520312935
"2020";"584";"2";51.2549231665723
"2020";"585";"2";17.2531129658253
"2020";"586";"2";18.9445199518548
"2020";"587";"2";25.6779999278923
"2020";"588";"2";7.0956846584180
"2020";"589";"2";11.8693288524171
"2020";"590";"2";20.1727326468849
"2020";"591";"2";14.3559591607249
"2020";"592";"2";14.0810033415599
"2020";"593";"2";43.8782316405567
"2020";"594";"2";37.5127135020667
"2020";"602";"2";23.0011358102754
"2020";"603";"2";15.5857630453463
"2020";"605";"2";27.1627427154041
"2020";"606";"2";5.1804428764431
"2020";"607";"2";6.7049412744783
"2020";"608";"2";29.4718891315738
"2020";"609";"2";6.4030929598625
"2020";"610";"2";8.6898305863900
"2020";"611";"2";16.6496631468563
"2020";"612";"2";47.4601304486412
"2020";"613";"2";20.4315623400394
"2020";"614";"2";31.5348021652153
"2020";"615";"2";9.6950539698622
"2020";"616";"2";77.4122632933080
"2020";"617";"2";14.9781064347316
"2020";"619";"2";50.0387319382135
"2020";"620";"2";19.7381828419496
"2020";"622";"2";9.8822598457432
"2020";"623";"2";23.6769533565026
"2020";"626";"2";38.0047131433576
"2020";"627";"2";77.1264688181803
"2020";"628";"2";13.5887273519801
"2020";"629";"2";10.1270627379575
"2020";"630";"2";9.0068150196075
"2020";"632";"2";34.5695776870249
"2020";"661";"2";2.2902745593839
"2020";"662";"2";34.1211981018566
"2020";"663";"2";18.7809936467652
"2020";"665";"2";7.7704594693617
"2020";"666";"2";14.1548859807050
"2020";"667";"2";21.8631990553116
"2020";"668";"2";76.6649393176275
"2020";"669";"2";8.8635076695472
"2020";"670";"2";72.0550746470412
"2020";"671";"2";11.5293412355506
"2020";"681";"2";4.3448538980463
"2020";"683";"2";8.6398023351450
"2020";"687";"2";10.2286635772235
"2020";"690";"2";37.8790319438857
"2020";"691";"2";20.4735456226299
"2020";"692";"2";4.2118983424695
"2020";"694";"2";14.4036038286952
"2020";"696";"2";10.5649910656608
"2020";"700";"2";65.1744166436884
"2020";"701";"2";11.8016497359861
"2020";"703";"2";26.7175841437422
"2020";"704";"2";15.4937747442139
"2020";"706";"2";24.3405912377356
"2020";"707";"2";5.7894667728133
"2020";"708";"2";8.2449501862171
"2020";"709";"2";14.6089151858285
"2020";"711";"2";14.5400000304049
"2020";"713";"2";47.3092690676038
"2020";"715";"2";2.3544444897083
"2020";"716";"2";35.9623478685867
"2020";"717";"2";55.0843443291697
"2020";"723";"2";30.7738166677929
"2020";"724";"2";42.4142943647223
"2020";"726";"2";58.8650526782044
"2020";"731";"2";12.9773329355293
"2020";"732";"2";12.0491471984412
"2020";"733";"2";30.9033765119228
"2020";"734";"2";5.7555647382230
"2020";"735";"2";9.2946298818610
"2020";"736";"2";10.9722286594666
"2020";"737";"2";7.5705631985310
"2020";"738";"2";8.4193874421870
"2020";"739";"2";15.0161127597157
"2020";"740";"2";8.6330719294479
"2020";"741";"2";6.8306521294111
"2020";"742";"2";12.1276325880348
"2020";"743";"2";21.7371953155939
"2020";"744";"2";20.7061370219136
"2020";"745";"2";20.2435318477022
"2020";"746";"2";25.7259780901801
"2020";"747";"2";9.5854792581531
"2020";"748";"2";12.0568628232857
"2020";"749";"2";19.5720683815553
"2020";"750";"2";18.4558377190973
"2020";"751";"2";27.5643714586665
"2020";"754";"2";26.0349943735799
"2020";"755";"2";18.5380107909041
"2020";"756";"2";35.9940517494871
"2020";"761";"2";40.2367755628318
"2020";"762";"2";146.1540868120090
"2020";"763";"2";56.9119387303063
"2020";"766";"2";51.6548186401871
"2020";"767";"2";22.8299241573071
"2020";"768";"2";92.0401979704976
"2020";"769";"2";44.4060604918071
"2020";"770";"2";16.8298401610480
"2020";"782";"2";47.7819817836890
"2020";"783";"2";49.4680528256641
"2020";"784";"2";86.2257810064861
"2020";"785";"2";74.2402023258966
"2020";"786";"2";26.1018901206061
"2020";"791";"2";85.3701445037910
"2020";"792";"2";88.3098200403042
"2020";"793";"2";56.5601601595328
"2020";"794";"2";96.6255960773477
"2020";"841";"2";43.5858243820261
"2020";"842";"2";30.8456691007768
"2020";"843";"2";167.9053176817800
"2020";"852";"2";85.7038702043442
"2020";"853";"2";84.4208386816803
"2020";"855";"2";105.6601474739780
"2020";"861";"2";85.2851560839198
"2020";"863";"2";21.0732397754182
"2020";"866";"2";20.6044901291278
"2020";"867";"2";16.1474127658560
"2020";"868";"2";5.2593416616794
"2020";"869";"2";8.7864608271178
"2020";"870";"2";23.1238464654223
"2020";"872";"2";31.4206012670698
"2020";"877";"2";16.1519573194516
"2020";"879";"2";60.0485025461610
"2020";"880";"2";72.6652497643565
"2020";"881";"2";11.9201894508999
"2020";"883";"2";16.9946208046558
"2020";"884";"2";18.8102381664537
"2020";"885";"2";17.9112188695574
"2020";"886";"2";35.6673810579488
"2020";"888";"2";32.5481449281875
"2020";"889";"2";22.8573119114197
"2020";"901";"2";125.2224804686270
"2020";"902";"2";162.6800040325540
"2020";"903";"2";72.1864979087827
"2020";"904";"2";60.0994325231887
"2020";"905";"2";55.4158680731896
"2020";"906";"2";50.1092033021665
"2020";"907";"2";63.8638584778557
"2020";"908";"2";91.5387507705537
"2020";"909";"2";45.7647367440926
"2020";"921";"2";15.5365175067064
"2020";"922";"2";21.4997171049318
"2020";"923";"2";39.1337304629207
"2020";"924";"2";26.7530889575241
"2020";"925";"2";12.7446150165865
"2020";"927";"2";14.9985396928721
"2020";"928";"2";33.5136810949893
"2020";"929";"2";20.7234985053146
"2020";"931";"2";16.4806966596141
"2020";"932";"2";18.9568373924201
"2020";"934";"2";17.5904615077753
"2020";"935";"2";12.6517235670465
"2020";"936";"2";12.8392836973269
"2020";"938";"2";86.2786316427839
"2020";"939";"2";82.1387564051602
"2020";"940";"2";7.2866780614158
"2020";"941";"2";23.7998704724955
"2020";"942";"2";182.0945035042300
"2020";"943";"2";11.1002227919118
"2020";"944";"2";51.7647274356929
"2020";"945";"2";19.9035324594891
"2020";"946";"2";11.5500530593893
"2020";"947";"2";8.3158822010999
"2020";"948";"2";12.0074057878318
"2020";"951";"2";35.2671488242540
"2020";"952";"2";36.8232680347763
"2020";"953";"2";30.2764761965492
"2020";"954";"2";69.9873949592694
"2020";"955";"2";80.2651221947490
"2020";"956";"2";59.8215969283434
"2020";"957";"2";111.3347041717300
"2020";"958";"2";36.7593234465824
"2020";"959";"2";22.7989533885741
"2020";"960";"2";28.2470481160179
"2020";"971";"2";32.8014410674910
"2020";"972";"2";4.3255648637158
"2020";"973";"2";10.5249649963874
"2020";"975";"2";9.9718075730607
"2020";"976";"2";10.4706810567250
"2020";"977";"2";21.3300915265438
"2020";"979";"2";59.3958218241510
"2020";"980";"2";10.9348226073603
"2020";"981";"2";84.6444472945243
"2020";"982";"2";14.7484546452943
"2020";"983";"2";32.8430314928785
"2020";"985";"2";32.5225340363355
"2020";"987";"2";18.3145812794824
"2020";"988";"2";43.8151021778678
"2020";"989";"2";14.7236695772320
"2020";"990";"2";6.5878709772406
"2020";"991";"2";7.5640827041417
"2020";"992";"2";30.0139744366317
"2020";"993";"2";7.5817337847584
"2020";"995";"2";41.2566922119722
"2020";"1001";"3";17.5664619304939
"2020";"1002";"3";96.3072352682263
"2020";"1004";"3";103.3697407164930
"2020";"1005";"3";52.0814375607543
"2020";"1007";"3";60.2388882091171
"2020";"1008";"3";87.0056705932832
"2020";"1009";"3";45.5529305399177
"2020";"1010";"3";178.9403946821090
"2020";"1021";"3";17.3366179160781
"2020";"1022";"3";8.4219135797612
"2020";"1023";"3";27.2194838815960
"2020";"1024";"3";126.9653509181140
"2020";"1025";"3";13.1816895445322
"2020";"1026";"3";37.8256684482186
"2020";"1030";"3";72.6141913362674
"2020";"1031";"3";51.4922258736560
"2020";"1032";"3";45.2988252835077
"2020";"1033";"3";30.4126815581453
"2020";"1037";"3";25.0980996568278
"2020";"1039";"3";42.9591664446377
"2020";"1040";"3";59.1923072597112
"2020";"1041";"3";25.4487464095256
"2020";"1051";"3";27.1402513197544
"2020";"1052";"3";30.7004641201520
"2020";"1053";"3";11.7044235658563
"2020";"1054";"3";58.6100844986900
"2020";"1055";"3";8.4629724318336
"2020";"1056";"3";8.4604535824198
"2020";"1057";"3";3.3094732833464
"2020";"1058";"3";65.2780587038443
"2020";"1059";"3";114.3638862414250
"2020";"1061";"3";232.4166828003670
"2020";"1062";"3";85.3565064197032
"2020";"1063";"3";41.8866300636740
"2020";"1064";"3";14.6325468677374
"2020";"1065";"3";33.8048418486789
"2020";"1066";"3";50.6131116883960
"2020";"1067";"3";20.1621563073220
"2020";"1068";"3";17.4812892406091
"2020";"1069";"3";49.3928675777418
"2020";"1081";"3";101.0446152578260
"2020";"1082";"3";28.1821514475976
"2020";"1083";"3";44.1922131586945
"2020";"1084";"3";22.2029797182238
"2020";"1085";"3";22.1971402418866
"2020";"1086";"3";53.0913860546350
"2020";"1088";"3";23.4461022145598
"2020";"1089";"3";33.3260623185121
"2020";"1091";"3";20.2785135188491
"2020";"1093";"3";62.1240955124675
"2020";"1094";"3";35.4046625337253
"2020";"1095";"3";35.1288344719763
"2020";"1097";"3";42.7536969963269
"2020";"1098";"3";119.9842160313860
"2020";"1099";"3";29.0526787743348
"2020";"1100";"3";24.4748385169163
"2020";"1102";"3";30.2109991064656
"2020";"1103";"3";49.9122402757617
"2020";"1104";"3";86.5956993199156
"2020";"1107";"3";50.2047565832327
"2020";"1121";"3";13.8617909252760
"2020";"1122";"3";22.4879973599214
"2020";"1123";"3";41.6285362206891
"2020";"1125";"3";87.3892958863516
"2020";"1127";"3";18.2944676526933
"2020";"1128";"3";40.5439457978572
"2020";"1129";"3";22.3459989868818
"2020";"1130";"3";23.7724581754720
"2020";"1131";"3";28.0173486444044
"2020";"1132";"3";81.2111538557050
"2020";"1135";"3";72.3935471241850
"2020";"1136";"3";80.1459666854074
"2020";"1137";"3";19.4668811813656
"2020";"1139";"3";62.8280775465147
"2020";"1140";"3";92.2250991705528
"2020";"1142";"3";22.6039732633656
"2020";"1143";"3";55.1343696851558
"2020";"1145";"3";33.7778651785324
"2020";"1146";"3";17.5437983799866
"2020";"1147";"3";23.9087623439070
"2020";"1150";"3";54.7293638036790
"2020";"1151";"3";118.9425175625180
"2020";"1201";"4";37.1965091658166
"2020";"1202";"4";45.6372010821212
"2020";"1203";"4";19.0551768597110
"2020";"1204";"4";5.8659753946880
"2020";"1205";"4";26.5570486135809
"2020";"1206";"4";40.1615582874012
"2020";"1207";"4";15.5452245110622
"2020";"1208";"4";17.0518088630441
"2020";"1209";"4";20.7802962443205
"2020";"1210";"4";9.7371835597064
"2020";"1211";"4";13.1217233207522
"2020";"1212";"4";27.9796500907870
"2020";"1213";"4";43.4720954282049
"2020";"1214";"4";24.0179878169380
"2020";"1215";"4";16.7947926442064
"2020";"1216";"4";24.8137627960405
"2020";"1217";"4";2.9373976272194
"2020";"1218";"4";37.3108729906439
"2020";"1219";"4";20.6767010504843
"2020";"1220";"4";31.1594002467971
"2020";"1301";"5";209.5757966735480
"2020";"1311";"5";43.5714336190062
"2020";"1321";"5";53.9217105533430
"2020";"1322";"5";78.0785447014156
"2020";"1323";"5";35.5375833093496
"2020";"1331";"5";116.4944965336680
"2020";"1341";"5";56.5764553291189
"2020";"1342";"5";48.2258240966357
"2020";"1343";"5";19.7208552055564
"2020";"1344";"5";29.2710919817930
"2020";"1345";"5";29.7709022707362
"2020";"1346";"5";60.0630984711466
"2020";"1347";"5";46.6670397851727
"2020";"1348";"5";46.3322923376750
"2020";"1349";"5";37.8907275730527
"2020";"1361";"5";21.0898996901291
"2020";"1362";"5";88.1914786637597
"2020";"1363";"5";14.7493423150247
"2020";"1364";"5";53.0928873756625
"2020";"1365";"5";15.5184137922882
"2020";"1366";"5";19.6301363101205
"2020";"1367";"5";91.5414680808859
"2020";"1368";"5";27.0630885314217
"2020";"1369";"5";6.4023810446541
"2020";"1370";"5";42.9495354157686
"2020";"1371";"5";40.0050102389908
"2020";"1372";"5";122.2197560378500
"2020";"1373";"5";32.5859691541959
"2020";"1374";"5";13.5778885140029
"2020";"1375";"5";55.6594860508826
"2020";"1401";"6";86.2930287658013
"2020";"1402";"6";71.5405834974500
"2020";"1403";"6";92.4131264610795
"2020";"1404";"6";97.1558407130296
"2020";"1405";"6";49.0513051922863
"2020";"1406";"6";76.3845865861792
"2020";"1407";"6";129.8026838471020
"2020";"1501";"7";48.4742861470358
"2020";"1502";"7";42.7906710254396
"2020";"1503";"7";24.7707807168269
"2020";"1504";"7";25.5738637549500
"2020";"1505";"7";35.4270531553017
"2020";"1506";"7";25.3676831099302
"2020";"1507";"7";35.2366209640426
"2020";"1508";"7";45.0835498656437
"2020";"1509";"7";42.3705789762962
"2020";"1510";"7";31.6568897395328
"2020";"1511";"7";55.3696797264941
"2020";"1630";"8";226.9512887486450
"2020";"1631";"8";228.3491138308280
"2020";"1632";"8";109.2504300762600
"2020";"1701";"9";118.3150668352090
"2020";"1702";"9";68.2568589095153
"2020";"1703";"9";59.0398216167639
"2020";"1704";"9";69.8988685791560
"2020";"1705";"9";20.8057641535738
"2020";"1706";"9";76.4656256634835
"2020";"1707";"9";60.7408646322493
"2020";"1708";"9";32.8854131521199
"2020";"1709";"9";68.5108345567121
"2020";"1710";"9";38.2778099812001
"2020";"1711";"9";113.4625895279860
"2020";"2008";"10";5.0898024589328
"2020";"2009";"10";13.6659605995829
"2020";"2011";"10";22.4902783874861
"2020";"2016";"10";8.8570805329848
"2020";"2022";"10";12.3264992974619
"2020";"2025";"10";15.3253701690482
"2020";"2027";"10";7.6960748194510
"2020";"2029";"10";38.7059283477894
"2020";"2035";"10";7.4941182765999
"2020";"2038";"10";2.8039644403039
"2020";"2041";"10";21.2167967769863
"2020";"2043";"10";4.9270303088359
"2020";"2044";"10";17.6995202538434
"2020";"2045";"10";6.3797099744800
"2020";"2050";"10";24.7665584290619
"2020";"2051";"10";19.4238039538746
"2020";"2053";"10";66.0811771859479
"2020";"2054";"10";123.8125433322760
"2020";"2055";"10";29.4449891321019
"2020";"2061";"10";6.9246205422206
"2020";"2063";"10";10.5530923205072
"2020";"2066";"10";7.3400793000667
"2020";"2067";"10";16.3306808752929
"2020";"2068";"10";12.5727216275809
"2020";"2072";"10";9.5479468844272
"2020";"2079";"10";7.0322563333348
"2020";"2086";"10";8.8951045433131
"2020";"2087";"10";21.3912298966427
"2020";"2089";"10";7.3728263970662
"2020";"2096";"10";52.3367504035277
"2020";"2097";"10";33.1359718206059
"2020";"2099";"10";59.7525722078451
"2020";"2102";"10";45.1294618243834
"2020";"2113";"10";62.9175130608735
"2020";"2114";"10";35.5800092866981
"2020";"2115";"10";21.7772857266398
"2020";"2117";"10";45.2869836775923
"2020";"2121";"10";62.4076992349471
"2020";"2122";"10";35.7138857364807
"2020";"2123";"10";7.1702240670774
"2020";"2124";"10";32.6764896357778
"2020";"2125";"10";135.1055311665670
"2020";"2128";"10";6.5230611355156
"2020";"2129";"10";22.3051137200845
"2020";"2130";"10";9.1539476924532
"2020";"2131";"10";15.9164058165305
"2020";"2134";"10";30.2296127276037
"2020";"2135";"10";40.5339186935909
"2020";"2137";"10";23.1464557452274
"2020";"2138";"10";64.0942812280239
"2020";"2140";"10";31.6875845789637
"2020";"2143";"10";8.1375340514203
"2020";"2145";"10";14.8703773256910
"2020";"2147";"10";11.6978690656780
"2020";"2148";"10";29.1003224732350
"2020";"2149";"10";37.4740473937836
"2020";"2152";"10";42.1084020161711
"2020";"2153";"10";20.5259783259229
"2020";"2155";"10";24.8635925118688
"2020";"2160";"10";30.2947348226792
"2020";"2162";"10";36.0687100294116
"2020";"2163";"10";97.3484205375967
"2020";"2171";"10";16.1806248572490
"2020";"2173";"10";15.7447226344341
"2020";"2174";"10";22.6305939632255
"2020";"2175";"10";24.9712602912295
"2020";"2177";"10";10.8888575202056
"2020";"2183";"10";22.2661524388618
"2020";"2186";"10";15.4959059162798
"2020";"2189";"10";14.0898052501426
"2020";"2194";"10";5.5196984025728
"2020";"2196";"10";95.9306833320679
"2020";"2197";"10";26.1867796302633
"2020";"2198";"10";22.8218874861116
"2020";"2200";"10";18.9098145252105
"2020";"2206";"10";50.0157645307971
"2020";"2208";"10";16.8390833186612
"2020";"2211";"10";20.4218636941679
"2020";"2216";"10";10.8236999450033
"2020";"2217";"10";9.8081293447287
"2020";"2220";"10";53.0457105624470
"2020";"2225";"10";2.0135440871066
"2020";"2226";"10";30.3428127381878
"2020";"2228";"10";44.7530853019245
"2020";"2230";"10";2.6477885977036
"2020";"2233";"10";41.4460581258214
"2020";"2234";"10";26.5532004653276
"2020";"2235";"10";15.3347832824052
"2020";"2236";"10";112.6315024662550
"2020";"2237";"10";33.5805541203565
"2020";"2250";"10";15.8627673857296
"2020";"2254";"10";66.4130685222350
"2020";"2257";"10";13.9490633689713
"2020";"2258";"10";11.3338851073866
"2020";"2259";"10";24.3433430734691
"2020";"2260";"10";4.8045131581037
"2020";"2261";"10";4.8969722170990
"2020";"2262";"10";53.8455729780810
"2020";"2265";"10";47.1192592506787
"2020";"2266";"10";10.3644386084520
"2020";"2271";"10";4.0577717219906
"2020";"2272";"10";37.7682826439279
"2020";"2274";"10";6.3492207933809
"2020";"2275";"10";88.6239468769893
"2020";"2276";"10";29.5179857539711
"2020";"2278";"10";8.1575180338360
"2020";"2284";"10";54.1845174268075
"2020";"2291";"10";33.8166197667415
"2020";"2292";"10";11.0679202311660
"2020";"2293";"10";93.7431549225102
"2020";"2294";"10";17.4888132956443
"2020";"2295";"10";41.9744508999764
"2020";"2296";"10";20.5051311637706
"2020";"2299";"10";106.7746031699630
"2020";"2300";"10";37.1625092871671
"2020";"2301";"10";18.0216168114694
"2020";"2302";"10";42.2298944644222
"2020";"2303";"10";13.6269831498649
"2020";"2304";"10";34.5508351532581
"2020";"2305";"10";45.1531067509745
"2020";"2306";"10";33.9430304993485
"2020";"2307";"10";13.9435839723853
"2020";"2308";"10";42.3556946007671
"2020";"2309";"10";51.1942205268874
"2020";"2321";"10";40.5505120438039
"2020";"2323";"10";15.5152664201883
"2020";"2325";"10";83.0694043208811
"2020";"2328";"10";14.6250985765394
"2020";"2333";"10";10.8706742366981
"2020";"2335";"10";30.0383149666083
"2020";"2336";"10";34.1705099711776
"2020";"2337";"10";23.3192416955170
"2020";"2338";"10";29.8003631367260
"2020";"2391";"10";2.4815709279304
"2020";"2401";"11";34.9467293987450
"2020";"2402";"11";27.0909440076420
"2020";"2403";"11";23.2803303111841
"2020";"2404";"11";28.0532101531952
"2020";"2405";"11";19.4968427268749
"2020";"2406";"11";32.0016816554707
"2020";"2407";"11";55.9812597622590
"2020";"2408";"11";28.7023244940857
"2020";"2421";"11";19.8040193778808
"2020";"2422";"11";65.1821408563166
"2020";"2423";"11";11.4828905222524
"2020";"2424";"11";30.6138967817522
"2020";"2425";"11";20.6870546329133
"2020";"2426";"11";45.4526174757476
"2020";"2427";"11";29.5226200933535
"2020";"2428";"11";87.6061713973454
"2020";"2429";"11";24.0795804310119
"2020";"2445";"11";9.7712448857473
"2020";"2455";"11";19.1466371694694
"2020";"2456";"11";9.0357057075882
"2020";"2457";"11";25.8176712700327
"2020";"2461";"11";20.7206145987415
"2020";"2463";"11";3.7541121279765
"2020";"2464";"11";15.5132948534077
"2020";"2465";"11";59.5322751681373
"2020";"2471";"11";12.1688395539602
"2020";"2472";"11";14.1543014448458
"2020";"2473";"11";43.4286252573915
"2020";"2474";"11";23.6074729172183
"2020";"2475";"11";21.3381234118976
"2020";"2476";"11";29.1602734459168
"2020";"2477";"11";27.2018671091355
"2020";"2478";"11";23.4288495053139
"2020";"2479";"11";18.3353036219665
"2020";"2480";"11";40.2283932649574
"2020";"2481";"11";13.1698341113681
"2020";"2491";"11";17.6997056271890
"2020";"2492";"11";12.5220000823507
"2020";"2493";"11";48.2507387213778
"2020";"2495";"11";33.3716752879679
"2020";"2497";"11";18.4040382429383
"2020";"2498";"11";5.2678920328430
"2020";"2499";"11";16.4790081572466
"2020";"2500";"11";41.5213372306122
"2020";"2501";"11";20.9867405738588
"2020";"2502";"11";14.9478225748758
"2020";"2503";"11";28.3201060319842
"2020";"2511";"11";15.2507145211797
"2020";"2513";"11";64.7878458681939
"2020";"2514";"11";6.5077002803660
"2020";"2516";"11";26.2832381894005
"2020";"2517";"11";37.6723150588083
"2020";"2518";"11";11.1686701804572
"2020";"2519";"11";27.1970294223617
"2020";"2520";"11";7.9855729651573
"2020";"2523";"11";8.9048150719627
"2020";"2524";"11";2.2882182848247
"2020";"2525";"11";9.7897255357103
"2020";"2526";"11";21.3887178880286
"2020";"2527";"11";30.8891244983052
"2020";"2528";"11";12.0294561457284
"2020";"2529";"11";12.7160172612269
"2020";"2530";"11";18.2512436976046
"2020";"2532";"11";26.7380525027867
"2020";"2534";"11";40.9556878929150
"2020";"2535";"11";12.1857164982171
"2020";"2541";"11";7.9570307258069
"2020";"2542";"11";33.4515008526767
"2020";"2543";"11";43.1206931773872
"2020";"2544";"11";8.7827370920346
"2020";"2545";"11";16.0953691736855
"2020";"2546";"11";120.2485807920300
"2020";"2547";"11";14.6002322473578
"2020";"2548";"11";8.8344966151585
"2020";"2549";"11";2.3982052541081
"2020";"2550";"11";18.0903178784828
"2020";"2551";"11";17.8782074619952
"2020";"2553";"11";23.0373618367157
"2020";"2554";"11";33.0594337409736
"2020";"2555";"11";15.6793597777032
"2020";"2556";"11";48.4268869592801
"2020";"2571";"11";12.4446283274093
"2020";"2572";"11";37.0601705530495
"2020";"2573";"11";36.1228865567521
"2020";"2574";"11";9.2994452887272
"2020";"2575";"11";21.1987049736373
"2020";"2576";"11";29.8207752186937
"2020";"2578";"11";22.0895365792064
"2020";"2579";"11";52.0207123108120
"2020";"2580";"11";25.2765759100340
"2020";"2581";"11";92.9012456843072
"2020";"2582";"11";12.3873953818951
"2020";"2583";"11";33.5171710427230
"2020";"2584";"11";12.8013296331599
"2020";"2585";"11";16.8219879412590
"2020";"2586";"11";37.0819950427556
"2020";"2601";"11";80.4798862859604
"2020";"2611";"11";19.3603094891409
"2020";"2612";"11";34.3614106620195
"2020";"2613";"11";34.3444002043976
"2020";"2614";"11";26.3488003533169
"2020";"2615";"11";20.8407792792761
"2020";"2616";"11";7.2627864470883
"2020";"2617";"11";9.8483902980738
"2020";"2618";"11";20.6245715286973
"2020";"2619";"11";32.5143694343338
"2020";"2620";"11";17.5169430280069
"2020";"2621";"11";35.4076328078359
"2020";"2622";"11";12.4731729694820
"2020";"2701";"12";334.6946558889040
"2020";"2702";"12";9.1909119278091
"2020";"2703";"12";77.2823390140938
"2020";"2761";"13";49.7147955954210
"2020";"2762";"13";67.5740520383044
"2020";"2763";"13";45.9221451442921
"2020";"2764";"13";27.1240280547809
"2020";"2765";"13";52.6369978892366
"2020";"2766";"13";28.4157367926160
"2020";"2767";"13";34.8405265306000
"2020";"2768";"13";30.0542157940429
"2020";"2769";"13";72.0634803557339
"2020";"2770";"13";115.1867681493620
"2020";"2771";"13";57.7559855643144
"2020";"2772";"13";20.7016039882919
"2020";"2773";"13";76.8517733698814
"2020";"2774";"13";13.1840392509847
"2020";"2775";"13";51.9620382544840
"2020";"2781";"13";11.7977521951995
"2020";"2782";"13";23.5584583058811
"2020";"2783";"13";4.9428804492479
"2020";"2784";"13";12.4630860628727
"2020";"2785";"13";23.3710738875177
"2020";"2786";"13";15.3707114590260
"2020";"2787";"13";38.0804465723804
"2020";"2788";"13";26.1244440901956
"2020";"2789";"13";6.9950681867338
"2020";"2790";"13";13.1367157147782
"2020";"2791";"13";25.2952563022911
"2020";"2792";"13";15.5750379755260
"2020";"2793";"13";19.8702093080902
"2020";"2821";"13";40.2312955018149
"2020";"2822";"13";8.7440024780070
"2020";"2823";"13";47.5117248099226
"2020";"2824";"13";29.9475260402066
"2020";"2825";"13";31.4061816298452
"2020";"2826";"13";8.6436558955280
"2020";"2827";"13";5.1702006914791
"2020";"2828";"13";32.6761583320292
"2020";"2829";"13";89.5541026759384
"2020";"2830";"13";13.9234938457101
"2020";"2831";"13";81.2949141515196
"2020";"2832";"13";7.9713792134167
"2020";"2833";"13";13.9773422967986
"2020";"2834";"13";22.5411937275645
"2020";"2841";"13";17.5508237963119
"2020";"2842";"13";8.1055946615843
"2020";"2843";"13";9.7220846136723
"2020";"2844";"13";27.7128175327417
"2020";"2845";"13";6.0390461149377
"2020";"2846";"13";38.6882867016338
"2020";"2847";"13";8.9285572674092
"2020";"2848";"13";11.4296777529580
"2020";"2849";"13";18.3060956286977
"2020";"2850";"13";6.6324794681217
"2020";"2851";"13";5.2771152357194
"2020";"2852";"13";27.0421339505022
"2020";"2853";"13";19.1942192886864
"2020";"2854";"13";3.3193387900402
"2020";"2855";"13";20.3781746946762
"2020";"2856";"13";20.6898783689354
"2020";"2857";"13";5.7865971728343
"2020";"2858";"13";23.1559817246459
"2020";"2859";"13";8.9580079807641
"2020";"2860";"13";11.9397058436152
"2020";"2861";"13";46.3120057200561
"2020";"2862";"13";9.0222554118987
"2020";"2863";"13";19.7476476701526
"2020";"2864";"13";9.0291543930070
"2020";"2865";"13";11.4266235323340
"2020";"2866";"13";20.7590725750796
"2020";"2867";"13";14.1895988278297
"2020";"2868";"13";16.6718643261940
"2020";"2869";"13";31.5092144668765
"2020";"2881";"13";10.5283210243283
"2020";"2882";"13";12.4101841475691
"2020";"2883";"13";19.4952169502778
"2020";"2884";"13";38.6023810823755
"2020";"2885";"13";35.2809306096059
"2020";"2886";"13";28.8164365138075
"2020";"2887";"13";12.0045983995324
"2020";"2888";"13";32.9292161643064
"2020";"2889";"13";9.5378088848590
"2020";"2890";"13";4.3535689284333
"2020";"2891";"13";19.2734535607761
"2020";"2892";"13";24.0635159833276
"2020";"2893";"13";28.5584734047654
"2020";"2894";"13";9.2457115172234
"2020";"2895";"13";18.3800216187148
"2020";"2901";"14";25.0452193813607
"2020";"2903";"14";24.5104014391649
"2020";"2904";"14";52.6744473660152
"2020";"2914";"14";11.0620926115570
"2020";"2915";"14";18.5360214163350
"2020";"2917";"14";12.8943216894832
"2020";"2919";"14";19.4015916695803
"2020";"2920";"14";98.6233015008254
"2020";"2931";"14";16.5575440112479
"2020";"2932";"14";56.7555776315951
"2020";"2933";"14";14.6536476706409
"2020";"2936";"14";34.2097409320093
"2020";"2937";"14";49.7914913375690
"2020";"2938";"14";19.8058055361909
"2020";"2939";"14";203.3287232482650
"2020";"2951";"14";22.2573941961165
"2020";"2952";"14";52.1772086922034
"2020";"2953";"14";19.7541001188135
"2020";"2961";"14";10.1434523015030
"2020";"2962";"14";20.2261515358163
"2020";"2963";"14";41.3419075239486
"2020";"2964";"14";30.8210715708825
"2020";"2971";"14";60.1395437298286
"2020";"2972";"14";15.6759443742683
"2020";"2973";"14";16.5621805368208
"2020";"2974";"14";63.4051576662230
"2020";"3001";"15";102.8322008258140
"2020";"3002";"15";32.4839043795404
"2020";"3003";"15";11.7638909609713
"2020";"3004";"15";40.2168164896918
"2020";"3005";"15";22.3928541053591
"2020";"3006";"15";71.2118526630071
"2020";"3007";"15";19.1092073211277
"2020";"3021";"15";14.8556252023816
"2020";"3022";"15";35.5750115605393
"2020";"3023";"15";33.4316562377843
"2020";"3024";"15";57.2171115355552
"2020";"3025";"15";29.5840580934250
"2020";"3031";"15";12.6128580858285
"2020";"3032";"15";32.9187204966151
"2020";"3033";"15";12.7449751691455
"2020";"3034";"15";28.0631583866485
"2020";"3035";"15";15.8790839662067
"2020";"3036";"15";18.5823098580674
"2020";"3037";"15";22.4596061193031
"2020";"3038";"15";18.9671004351265
"2020";"3101";"16";58.7681964515754
"2020";"3102";"16";40.2448714932832
"2020";"3103";"16";67.9018694008327
"2020";"3104";"16";34.9839529274570
"2020";"3105";"16";37.5674557814934
"2020";"3111";"16";35.5170477762591
"2020";"3201";"17";25.4140136476397
"2020";"3202";"17";29.7949071922617
"2020";"3203";"17";283.5528318927000
"2020";"3204";"17";48.0213095925451
"2020";"3211";"17";11.0086741654353
"2020";"3212";"17";24.5326072626588
"2020";"3213";"17";44.8855462518779
"2020";"3214";"17";43.3226632074437
"2020";"3215";"17";31.3868608355072
"2020";"3216";"17";42.7158473285535
"2020";"3217";"17";23.2735397672010
"2020";"3218";"17";11.3400863117793
"2020";"3219";"17";15.9758009493424
"2020";"3231";"17";47.0724578637983
"2020";"3232";"17";36.4527059753358
"2020";"3233";"17";36.6151464605273
"2020";"3234";"17";68.7016480160698
"2020";"3235";"17";17.5855818834022
"2020";"3236";"17";43.2682307684999
"2020";"3237";"17";60.8735947440804
"2020";"3238";"17";57.3035968121498
"2020";"3251";"17";153.3341312671680
"2020";"3252";"17";18.3979068880841
"2020";"3253";"17";23.8859586860633
"2020";"3254";"17";144.6953494873340
"2020";"3255";"17";30.6432982969054
"2020";"3256";"17";43.6861209138192
"2020";"3271";"17";93.7582021887446
"2020";"3272";"17";50.9251228145058
"2020";"3273";"17";83.3479179358229
"2020";"3274";"17";109.5456127087460
"2020";"3275";"17";61.7888470724796
"2020";"3276";"17";89.6601134077011
"2020";"3291";"17";67.0325846991645
"2020";"3292";"17";117.2126343120520
"2020";"3293";"17";125.2113467077560
"2020";"3294";"17";68.5746545115767
"2020";"3295";"17";69.6308732308209
"2020";"3296";"17";43.5666370851925
"2020";"3297";"17";64.3277669575508
"2020";"3298";"17";74.7827270493327
"2020";"3311";"17";44.6667553310034
"2020";"3312";"17";58.5333892101231
"2020";"3313";"17";51.1701834965714
"2020";"3315";"17";74.1009090644924
"2020";"3316";"17";17.7696540074501
"2020";"3338";"17";24.1094196392618
"2020";"3339";"17";42.2585445657592
"2020";"3340";"17";118.1057356843300
"2020";"3341";"17";70.3562122611414
"2020";"3342";"17";122.3311098568140
"2020";"3352";"17";80.4047090315551
"2020";"3359";"17";91.8787600144113
"2020";"3360";"17";140.9421668233360
"2020";"3372";"17";37.8536676487968
"2020";"3374";"17";13.8420990998336
"2020";"3375";"17";31.4285240408535
"2020";"3378";"17";117.8071063962730
"2020";"3379";"17";130.5271081982680
"2020";"3392";"17";129.1569235622600
"2020";"3393";"17";26.4777064177526
"2020";"3394";"17";81.6783545999021
"2020";"3395";"17";70.6761840636340
"2020";"3401";"17";50.3309157372964
"2020";"3402";"17";56.8089747294560
"2020";"3405";"17";40.6413063247705
"2020";"3407";"17";47.9255063433822
"2020";"3408";"17";93.6272563217699
"2020";"3422";"17";32.4146047378028
"2020";"3423";"17";49.2731760800539
"2020";"3424";"17";62.3852108732473
"2020";"3426";"17";33.8265886826362
"2020";"3427";"17";107.3656831635630
"2020";"3441";"17";18.9312970610136
"2020";"3442";"17";50.7272664126464
"2020";"3443";"17";122.0384178274760
"2020";"3444";"17";77.5227241316297
"2020";"3506";"18";75.9367217261610
"2020";"3513";"18";16.6417347352314
"2020";"3514";"18";10.6062918419862
"2020";"3542";"18";74.6361320259314
"2020";"3543";"18";115.9429659751750
"2020";"3544";"18";61.8562504237518
"2020";"3551";"18";37.3975587485085
"2020";"3561";"18";108.0499885933830
"2020";"3572";"18";13.9028544386286
"2020";"3575";"18";50.3044318134354
"2020";"3581";"18";14.2713389607625
"2020";"3582";"18";8.9885527183347
"2020";"3603";"18";35.3807178936266
"2020";"3618";"18";108.1092300455810
"2020";"3619";"18";155.4508734001120
"2020";"3633";"18";4.0904167232623
"2020";"3637";"18";6.5598731503047
"2020";"3638";"18";10.7983879487590
"2020";"3640";"18";13.1631684684116
"2020";"3661";"18";72.8376374070729
"2020";"3662";"18";7.9220629812222
"2020";"3663";"18";11.5131626210652
"2020";"3668";"18";41.3788658615549
"2020";"3669";"18";10.5344756186512
"2020";"3670";"18";7.2809027566465
"2020";"3672";"18";99.2766000446766
"2020";"3673";"18";46.6006708593634
"2020";"3681";"18";26.2635555649457
"2020";"3695";"18";13.9991263112095
"2020";"3701";"18";40.6821252039038
"2020";"3703";"18";14.0965334963687
"2020";"3705";"18";8.5630616735380
"2020";"3707";"18";6.5632720633739
"2020";"3708";"18";5.9245299484238
"2020";"3711";"18";4.4370399116992
"2020";"3712";"18";15.2831442332329
"2020";"3713";"18";14.8511901522340
"2020";"3714";"18";71.5291074338562
"2020";"3721";"18";34.2812620160853
"2020";"3722";"18";52.2390384601233
"2020";"3723";"18";13.5863722049554
"2020";"3731";"18";17.7943139174122
"2020";"3732";"18";52.5633157319308
"2020";"3733";"18";19.6082420564344
"2020";"3734";"18";25.8455060202346
"2020";"3746";"18";88.6510241626795
"2020";"3752";"18";34.3689196452008
"2020";"3762";"18";150.4134602138520
"2020";"3764";"18";69.1594541728004
"2020";"3781";"18";15.6989138554853
"2020";"3782";"18";27.8201648570816
"2020";"3783";"18";7.2507337357937
"2020";"3784";"18";40.8419690180205
"2020";"3785";"18";24.0005365892361
"2020";"3786";"18";38.6207499089149
"2020";"3787";"18";49.8759790114690
"2020";"3788";"18";31.9732835126509
"2020";"3789";"18";18.8278394356343
"2020";"3790";"18";16.7487747667545
"2020";"3791";"18";22.9737318031682
"2020";"3792";"18";67.1901760855366
"2020";"3804";"18";13.0055483358893
"2020";"3805";"18";9.8732550766612
"2020";"3808";"18";16.1144029204224
"2020";"3810";"18";8.5359457730779
"2020";"3821";"18";38.0761587561939
"2020";"3822";"18";55.2023888133563
"2020";"3823";"18";24.4786632980065
"2020";"3831";"18";13.5088402216361
"2020";"3832";"18";36.4867652240517
"2020";"3834";"18";39.2602977730958
"2020";"3835";"18";32.0531405848650
"2020";"3837";"18";26.9664068931850
"2020";"3847";"18";98.7098527943887
"2020";"3851";"18";159.5807747042040
"2020";"3861";"18";18.9901297570376
"2020";"3862";"18";27.1729148856710
"2020";"3863";"18";14.9523130001453
"2020";"3871";"18";105.1800371639810
"2020";"3881";"18";5.5765094004197
"2020";"3882";"18";9.7011441414917
"2020";"3891";"18";67.0992441531327
"2020";"3901";"18";140.7996817563480
"2020";"3911";"18";52.1462288917895
"2020";"3921";"18";110.3349152822070
"2020";"3932";"18";19.9544911358621
"2020";"3941";"18";13.0196316281002
"2020";"3945";"18";43.1886039963837
"2020";"3946";"18";40.8656850307791
"2020";"3947";"18";35.2028319931017
"2020";"3951";"18";30.6870165584788
"2020";"3952";"18";11.5116541536445
"2020";"3953";"18";48.2121668731150
"2020";"3954";"18";19.0614571561205
"2020";"3955";"18";61.3663143189965
"2020";"3961";"18";60.6029435974656
"2020";"3962";"18";50.4889434553214
"2020";"3972";"18";39.9534124247807
"2020";"3981";"18";79.8450508641697
"2020";"3982";"18";49.2659143652897
"2020";"3983";"18";37.0661440880645
"2020";"3985";"18";46.7979439242168
"2020";"3986";"18";65.2180880078052
"2020";"3987";"18";36.6572196967960
"2020";"3988";"18";67.7720270137031
"2020";"4001";"19";108.4673401466420
"2020";"4002";"19";12.6869128530145
"2020";"4003";"19";41.8588125491610
"2020";"4004";"19";30.4902752784855
"2020";"4005";"19";29.8580245282230
"2020";"4006";"19";68.2134773057734
"2020";"4007";"19";17.9881658885025
"2020";"4008";"19";45.1525059711300
"2020";"4009";"19";39.7531809586226
"2020";"4010";"19";53.0249404592902
"2020";"4012";"19";58.5387088204776
"2020";"4013";"19";26.7849926508932
"2020";"4021";"19";87.3774806330185
"2020";"4022";"19";21.3091885780758
"2020";"4023";"19";29.0169094127693
"2020";"4024";"19";34.0638845630937
"2020";"4026";"19";15.5120260571156
"2020";"4027";"19";29.8035981695076
"2020";"4028";"19";13.9170798810877
"2020";"4029";"19";39.8744265074168
"2020";"4030";"19";11.0884502941014
"2020";"4031";"19";21.3625712310563
"2020";"4032";"19";23.1657493279206
"2020";"4033";"19";34.8039497673471
"2020";"4034";"19";29.5407216992977
"2020";"4035";"19";22.0962810629226
"2020";"4037";"19";27.3923148278347
"2020";"4038";"19";42.9991186419299
"2020";"4039";"19";21.2804291538538
"2020";"4040";"19";49.2382724277623
"2020";"4041";"19";19.1946562531832
"2020";"4042";"19";13.3997659960375
"2020";"4044";"19";46.5494294073859
"2020";"4045";"19";75.5919074491831
"2020";"4046";"19";20.6514927495712
"2020";"4047";"19";52.1927213026178
"2020";"4048";"19";40.8274268485819
"2020";"4049";"19";34.3474442390234
"2020";"4061";"19";13.0541752464078
"2020";"4062";"19";25.4450168650749
"2020";"4063";"19";64.2538260224527
"2020";"4064";"19";9.9608226811918
"2020";"4065";"19";29.3496989902483
"2020";"4066";"19";12.3002463272270
"2020";"4067";"19";18.0479422333879
"2020";"4068";"19";30.0260601085705
"2020";"4071";"19";26.0990707118339
"2020";"4072";"19";29.5285910859954
"2020";"4073";"19";17.9563390202881
"2020";"4074";"19";29.1091936139028
"2020";"4075";"19";29.2002248575521
"2020";"4076";"19";40.3085050113984
"2020";"4077";"19";17.3084207843544
"2020";"4078";"19";6.4380646245778
"2020";"4079";"19";17.9096630833400
"2020";"4080";"19";64.8026376776957
"2020";"4081";"19";22.8239029810491
"2020";"4082";"19";97.3123523264215
"2020";"4083";"19";27.3239046777556
"2020";"4084";"19";4.2016439021535
"2020";"4091";"19";26.1062999524122
"2020";"4092";"19";28.7120810376299
"2020";"4093";"19";12.5762686726570
"2020";"4094";"19";15.4364105597022
"2020";"4095";"19";80.5806427519233
"2020";"4096";"19";23.0777049394331
"2020";"4097";"19";9.0255863316832
"2020";"4099";"19";6.6609785062395
"2020";"4100";"19";22.6774150215130
"2020";"4104";"19";47.4132588506628
"2020";"4105";"19";12.0645869274995
"2020";"4106";"19";11.8623265317828
"2020";"4107";"19";13.8130018378848
"2020";"4110";"19";24.0471967553178
"2020";"4111";"19";16.7842922403418
"2020";"4112";"19";16.6090812561810
"2020";"4117";"19";25.8806440902066
"2020";"4120";"19";23.6043935133376
"2020";"4121";"19";36.9210784548822
"2020";"4122";"19";18.2407821854050
"2020";"4123";"19";43.2090104047229
"2020";"4124";"19";43.1898509191965
"2020";"4125";"19";40.6665471236985
"2020";"4131";"19";32.1757024624063
"2020";"4132";"19";15.7677820058128
"2020";"4133";"19";8.5849055085725
"2020";"4134";"19";22.0774863838883
"2020";"4135";"19";45.6468462664591
"2020";"4136";"19";16.3426445158216
"2020";"4137";"19";6.1509415783718
"2020";"4138";"19";14.6636408998128
"2020";"4139";"19";44.2059950307332
"2020";"4140";"19";30.4075783574445
"2020";"4141";"19";61.2791530814194
"2020";"4142";"19";16.4969283637307
"2020";"4143";"19";29.2709395390790
"2020";"4144";"19";35.5640572590036
"2020";"4145";"19";15.6852919061873
"2020";"4146";"19";34.3626582116569
"2020";"4147";"19";21.3077151397018
"2020";"4161";"19";37.6733103376193
"2020";"4163";"19";55.8496363796981
"2020";"4164";"19";31.0340838924152
"2020";"4165";"19";36.0202005968741
"2020";"4166";"19";26.7987519248184
"2020";"4167";"19";26.9322251894836
"2020";"4169";"19";60.7142529559554
"2020";"4170";"19";57.0169642834322
"2020";"4172";"19";15.4478976030921
"2020";"4173";"19";23.2795621791704
"2020";"4175";"19";17.4218190238348
"2020";"4176";"19";10.9022506398105
"2020";"4177";"19";18.4455461279814
"2020";"4179";"19";17.8555165754457
"2020";"4181";"19";29.6119436153076
"2020";"4182";"19";28.2177639836954
"2020";"4183";"19";24.2709471862743
"2020";"4184";"19";65.5577423301926
"2020";"4191";"19";9.1575177662425
"2020";"4192";"19";13.6171888844903
"2020";"4193";"19";9.8780462253446
"2020";"4194";"19";17.0462488402176
"2020";"4195";"19";23.6955692857441
"2020";"4196";"19";22.2685395706646
"2020";"4197";"19";13.6806510183493
"2020";"4198";"19";17.8702570869550
"2020";"4199";"19";13.8618409105172
"2020";"4200";"19";28.4534740329613
"2020";"4201";"19";69.2245368433004
"2020";"4202";"19";29.6277690104427
"2020";"4203";"19";37.5029706802774
"2020";"4204";"19";28.8597261264269
"2020";"4205";"19";24.6082564293913
"2020";"4206";"19";47.9936400303946
"2020";"4207";"19";33.9648791801116
"2020";"4208";"19";37.6009273743320
"2020";"4209";"19";54.6890198564300
"2020";"4210";"19";20.6507649398120
"2020";"4221";"19";9.4805692199697
"2020";"4222";"19";34.5961533532890
"2020";"4223";"19";23.7517948319635
"2020";"4224";"19";31.6831323730118
"2020";"4226";"19";10.1641860370451
"2020";"4227";"19";18.2102454905533
"2020";"4228";"19";46.9161548287064
"2020";"4229";"19";22.5416022988103
"2020";"4230";"19";13.8777465689380
"2020";"4231";"19";15.5539759883674
"2020";"4232";"19";7.4154663148695
"2020";"4233";"19";12.2088544991988
"2020";"4234";"19";50.9058179702122
"2020";"4235";"19";19.5564631977390
"2020";"4236";"19";67.4607828194744
"2020";"4237";"19";13.7511740336078
"2020";"4238";"19";16.1237810679469
"2020";"4239";"19";55.5736953069225
"2020";"4240";"19";30.3238998777889
"2020";"4251";"19";25.1479298553019
"2020";"4252";"19";35.9057659952658
"2020";"4253";"19";32.0397520312326
"2020";"4254";"19";86.5139741616723
"2020";"4255";"19";16.1184376752443
"2020";"4256";"19";20.3904916648747
"2020";"4257";"19";10.0003038015117
"2020";"4258";"19";69.6643942792167
"2020";"4259";"19";19.4423835289295
"2020";"4260";"19";20.5255349439983
"2020";"4261";"19";22.6806557330809
"2020";"4262";"19";24.0543002438579
"2020";"4263";"19";41.5651186632338
"2020";"4264";"19";19.1547852165102
"2020";"4271";"19";40.1117806741147
"2020";"4273";"19";15.2666494904235
"2020";"4274";"19";57.0495677451456
"2020";"4275";"19";11.8941651535264
"2020";"4276";"19";50.8922589773608
"2020";"4277";"19";15.2618239137499
"2020";"4279";"19";52.8804328593391
"2020";"4280";"19";89.1416586730295
"2020";"4281";"19";29.4388038808080
"2020";"4282";"19";80.1152155643634
"2020";"4283";"19";37.7209380941211
"2020";"4284";"19";22.6621996780375
"2020";"4285";"19";29.8964800146592
"2020";"4286";"19";24.0651811054298
"2020";"4287";"19";29.3445852081714
"2020";"4288";"19";5.2875735401187
"2020";"4289";"19";72.2402712266923
"2020";"4301";"19";10.1678415077929
"2020";"4302";"19";7.7644385902825
"2020";"4303";"19";34.7822166377141
"2020";"4304";"19";42.5627311786427
"2020";"4305";"19";45.2976526283110
"2020";"4306";"19";18.2144177075327
"2020";"4307";"19";18.4061762032027
"2020";"4308";"19";3.4072270390729
"2020";"4309";"19";37.3191493246153
"2020";"4310";"19";22.0304649680431
"2020";"4311";"19";25.0356946956409
"2020";"4312";"19";43.6606358485616
"2020";"4313";"19";46.2622598341927
"2020";"4314";"19";13.1275621404861
"2020";"4315";"19";15.3412039799806
"2020";"4316";"19";16.8265989972959
"2020";"4317";"19";9.8784690575811
"2020";"4318";"19";26.9059368397576
"2020";"4319";"19";13.6418057024482
"2020";"4320";"19";25.3693559010570
"2020";"4322";"19";15.7496173869348
"2020";"4323";"19";41.1091584837489
"2020";"4401";"20";63.2174070034277
"2020";"4406";"20";8.9236289976597
"2020";"4411";"20";72.1799818939929
"2020";"4416";"20";20.9611134855101
"2020";"4421";"20";13.7666624837750
"2020";"4426";"20";18.3648696755335
"2020";"4431";"20";44.4264531836350
"2020";"4436";"20";62.1460483886516
"2020";"4441";"20";13.2681915865741
"2020";"4446";"20";11.8292396535722
"2020";"4451";"20";18.9964962813732
"2020";"4461";"20";91.6021133747870
"2020";"4471";"20";59.2583822461479
"2020";"4476";"20";40.5601588529623
"2020";"4486";"20";43.4673972970469
"2020";"4495";"20";27.8958841212838
"2020";"4501";"20";49.9678706296847
"2020";"4506";"20";42.5586802318079
"2020";"4511";"20";40.1726445788292
"2020";"4536";"20";39.9167075740358
"2020";"4545";"20";47.7881061418676
"2020";"4546";"20";46.3237568361447
"2020";"4551";"20";93.1826017005485
"2020";"4561";"20";30.1207756594400
"2020";"4566";"20";189.8332766317130
"2020";"4571";"20";53.6299561109422
"2020";"4590";"20";25.9532965158175
"2020";"4591";"20";35.3715993308877
"2020";"4601";"20";30.1118520532093
"2020";"4606";"20";21.7098419211291
"2020";"4611";"20";48.3219458927395
"2020";"4616";"20";48.6010458505697
"2020";"4621";"20";30.7965387526364
"2020";"4641";"20";32.0474006789699
"2020";"4643";"20";16.7724794068459
"2020";"4646";"20";39.5062302020372
"2020";"4651";"20";2.0846457800444
"2020";"4656";"20";36.3920462306931
"2020";"4666";"20";80.5304707479993
"2020";"4671";"20";95.7305735559057
"2020";"4681";"20";39.8850894620391
"2020";"4683";"20";36.9084236645345
"2020";"4691";"20";38.5485115007112
"2020";"4696";"20";47.0068929588797
"2020";"4701";"20";46.2426000263774
"2020";"4711";"20";62.6759222498350
"2020";"4716";"20";15.7092470525963
"2020";"4721";"20";40.5872935749562
"2020";"4723";"20";36.5297292090067
"2020";"4724";"20";36.2563245165624
"2020";"4726";"20";85.7410198210263
"2020";"4741";"20";29.7618129998446
"2020";"4746";"20";46.5030177999180
"2020";"4751";"20";12.1266919503673
"2020";"4756";"20";35.6716856606453
"2020";"4761";"20";56.2438128610168
"2020";"4776";"20";25.7277320070252
"2020";"4781";"20";69.7608211696716
"2020";"4786";"20";15.9006313908684
"2020";"4791";"20";35.6938180052384
"2020";"4801";"20";10.7945895407940
"2020";"4806";"20";38.8503037419089
"2020";"4811";"20";44.5743107172800
"2020";"4816";"20";62.0994709754448
"2020";"4821";"20";57.2750288879570
"2020";"4826";"20";17.1490706354181
"2020";"4831";"20";44.4152173356283
"2020";"4841";"20";46.8167329858038
"2020";"4846";"20";17.4924597356150
"2020";"4851";"20";23.2173217395405
"2020";"4864";"20";36.4439673394349
"2020";"4871";"20";42.2402699690666
"2020";"4881";"20";47.4638512093546
"2020";"4891";"20";56.3919228346652
"2020";"4901";"20";38.6514063052905
"2020";"4911";"20";54.4835007086113
"2020";"4921";"20";73.8677449063512
"2020";"4941";"20";34.8478657361801
"2020";"4946";"20";89.5507531680077
"2020";"4951";"20";65.8410054947935
"2020";"5001";"21";51.0693080228995
"2020";"5002";"21";355.7166479690220
"2020";"5003";"21";38.2384085326016
"2020";"5009";"21";25.5407174127177
"2020";"5010";"21";16.1489689158905
"2020";"5017";"21";34.4741322967808
"2020";"5048";"21";85.4063956329202
"2020";"5049";"21";114.0606645285100
"2020";"5050";"21";67.2514253706255
"2020";"5061";"21";71.3894395314026
"2020";"5063";"21";21.9690240642742
"2020";"5064";"21";11.9264859012075
"2020";"5071";"21";6.3463500081266
"2020";"5072";"21";141.1115216339990
"2020";"5073";"21";20.7090811654043
"2020";"5076";"21";11.6892024097961
"2020";"5077";"21";13.8537730995020
"2020";"5078";"21";11.0719809107012
"2020";"5079";"21";53.5684230870674
"2020";"5091";"21";41.4209806386994
"2020";"5095";"21";8.8297845910849
"2020";"5096";"21";13.4293582479819
"2020";"5097";"21";37.1930880985846
"2020";"5102";"21";1.0857860517506
"2020";"5105";"21";8.0618882464537
"2020";"5108";"21";36.5317100562782
"2020";"5112";"21";13.2561206620166
"2020";"5113";"21";96.9492515981847
"2020";"5115";"21";38.5990143840033
"2020";"5117";"21";7.5321821987383
"2020";"5118";"21";37.2830215300720
"2020";"5120";"21";10.8632467866750
"2020";"5121";"21";7.9456406709070
"2020";"5125";"21";22.8202898119786
"2020";"5129";"21";6.3009027834714
"2020";"5131";"21";27.8703380658370
"2020";"5135";"21";9.3310121109438
"2020";"5136";"21";31.1734598302950
"2020";"5138";"21";36.1110250858753
"2020";"5141";"21";25.2017311986017
"2020";"5143";"21";7.7141944317721
"2020";"5144";"21";18.7900141459277
"2020";"5146";"21";7.8473230661093
"2020";"5148";"21";15.8628838873602
"2020";"5149";"21";9.9294785765570
"2020";"5151";"21";32.2892028159996
"2020";"5154";"21";6.2144743528657
"2020";"5160";"21";8.4997643465008
"2020";"5161";"21";10.8070637440342
"2020";"5162";"21";7.6375602896003
"2020";"5167";"21";12.4406043964022
"2020";"5171";"21";23.3513555909729
"2020";"5176";"21";12.3391663061765
"2020";"5178";"21";20.9303997131720
"2020";"5180";"21";9.3803351037388
"2020";"5181";"21";6.4820172747034
"2020";"5186";"21";7.6940943147974
"2020";"5187";"21";8.4025863428646
"2020";"5189";"21";13.5717824548054
"2020";"5192";"21";302.7546880955800
"2020";"5193";"21";11.6430808285235
"2020";"5194";"21";13.9382614980916
"2020";"5195";"21";6.8927346896692
"2020";"5196";"21";14.0410003630760
"2020";"5197";"21";11.6460879251816
"2020";"5198";"21";8.9820913878937
"2020";"5199";"21";22.4433376177221
"2020";"5200";"21";6.4782100249598
"2020";"5202";"21";16.9524422763399
"2020";"5203";"21";8.9637423750172
"2020";"5205";"21";9.2186584455971
"2020";"5206";"21";3.2297854806750
"2020";"5207";"21";11.3481088951209
"2020";"5208";"21";10.6115062860837
"2020";"5210";"21";11.5053656347092
"2020";"5212";"21";15.0209222460494
"2020";"5213";"21";5.4219037224916
"2020";"5214";"21";16.4951316685825
"2020";"5216";"21";12.0613147557432
"2020";"5219";"21";8.0715965763679
"2020";"5221";"21";10.7193808921963
"2020";"5222";"21";9.3320901183104
"2020";"5225";"21";10.4580362984706
"2020";"5226";"21";67.1544048686601
"2020";"5227";"21";24.4752863646742
"2020";"5230";"21";7.2247284815490
"2020";"5231";"21";18.8142938220280
"2020";"5233";"21";9.6211842448732
"2020";"5236";"21";47.0370684116027
"2020";"5237";"21";25.6671627106106
"2020";"5238";"21";81.2391585424095
"2020";"5242";"21";28.2797693453522
"2020";"5249";"21";32.8805218452840
"2020";"5250";"21";34.0795151793394
"2020";"5251";"21";19.9581727643855
"2020";"5254";"21";145.4384652098070
"2020";"5257";"21";27.5282752628436
"2020";"5260";"21";28.4779012455448
"2020";"5263";"21";19.0185976740852
"2020";"5266";"21";42.4105594802842
"2020";"5268";"21";18.9427550681050
"2020";"5269";"21";40.4801692460903
"2020";"5281";"21";68.5503199376404
"2020";"5287";"21";71.6019649680746
"2020";"5304";"21";5.0728683141573
"2020";"5307";"21";10.9527196408738
"2020";"5309";"21";13.3304410522792
"2020";"5310";"21";44.2099667260146
"2020";"5315";"21";1.7953943926280
"2020";"5317";"21";44.5085657151755
"2020";"5323";"21";53.8912523116592
"2020";"5324";"21";23.3874254833468
"2020";"5396";"21";23.0560425455167
"2020";"5397";"21";45.8423923260614
"2020";"5398";"21";107.8363491415810
"2020";"5401";"22";79.0781217154635
"2020";"5402";"22";133.2744530969670
"2020";"5403";"22";14.0210386983807
"2020";"5404";"22";21.7962704525318
"2020";"5405";"22";36.9650641224245
"2020";"5406";"22";31.0511008044872
"2020";"5407";"22";37.3386791854273
"2020";"5408";"22";34.9650902588688
"2020";"5409";"22";141.6416391304000
"2020";"5410";"22";83.5088691365712
"2020";"5411";"22";63.3328427076178
"2020";"5412";"22";15.8503855879734
"2020";"5413";"22";22.9774264730990
"2020";"5414";"22";64.7425448277064
"2020";"5415";"22";29.6092774946226
"2020";"5421";"22";29.4233506773545
"2020";"5422";"22";49.3885042214067
"2020";"5423";"22";16.1153795466385
"2020";"5424";"22";16.9040736160517
"2020";"5425";"22";52.6680813430863
"2020";"5426";"22";9.2651708617626
"2020";"5427";"22";14.5266255222639
"2020";"5428";"22";48.5558565283335
"2020";"5429";"22";23.2457776126944
"2020";"5430";"22";23.5554782406575
"2020";"5431";"22";19.6920721226483
"2020";"5432";"22";15.3467694111700
"2020";"5434";"22";29.7901349632051
"2020";"5435";"22";16.2229334369520
"2020";"5436";"22";7.4135864425401
"2020";"5437";"22";9.0825744245262
"2020";"5451";"22";66.7795403611425
"2020";"5456";"22";31.5115912991559
"2020";"5458";"22";13.4616519638985
"2020";"5464";"22";57.9715178449749
"2020";"5471";"22";9.3074958540868
"2020";"5472";"22";4.5879915996853
"2020";"5473";"22";8.6856361931851
"2020";"5474";"22";13.8043000246401
"2020";"5475";"22";5.5476850125906
"2020";"5476";"22";9.2765542261263
"2020";"5477";"22";27.3933244843657
"2020";"5478";"22";7.1636472033388
"2020";"5479";"22";12.7273582757686
"2020";"5480";"22";15.7066700145362
"2020";"5481";"22";5.8957409980405
"2020";"5482";"22";19.6286999796394
"2020";"5483";"22";7.6328052155381
"2020";"5484";"22";15.7319674110951
"2020";"5485";"22";9.3915052171233
"2020";"5486";"22";37.8211888541748
"2020";"5487";"22";8.8691941905078
"2020";"5488";"22";0.8262544034927
"2020";"5489";"22";11.3493427667067
"2020";"5490";"22";11.1617559234966
"2020";"5491";"22";30.7808626866502
"2020";"5492";"22";44.1387041798152
"2020";"5493";"22";10.5196373938369
"2020";"5494";"22";24.7057988551595
"2020";"5495";"22";26.9704048223539
"2020";"5496";"22";20.8628129761471
"2020";"5497";"22";11.9098040617339
"2020";"5498";"22";22.2404187763939
"2020";"5499";"22";12.2035802909897
"2020";"5500";"22";5.2060639686156
"2020";"5501";"22";12.4965816676090
"2020";"5503";"22";22.2252286495713
"2020";"5511";"22";18.4531285878050
"2020";"5512";"22";18.4807651225933
"2020";"5513";"22";10.2098721906761
"2020";"5514";"22";15.3844043142542
"2020";"5515";"22";8.6864165792901
"2020";"5516";"22";20.8372617973419
"2020";"5518";"22";34.9329613053323
"2020";"5520";"22";19.1770564464199
"2020";"5521";"22";10.5935551604022
"2020";"5522";"22";13.8869585124942
"2020";"5523";"22";23.2685930304373
"2020";"5527";"22";9.9795088179246
"2020";"5529";"22";9.8567174631456
"2020";"5530";"22";13.0316162854529
"2020";"5531";"22";10.9985972365547
"2020";"5533";"22";12.9878846321704
"2020";"5534";"22";5.9580556810884
"2020";"5535";"22";9.3390519955934
"2020";"5537";"22";16.4752482439972
"2020";"5539";"22";17.3362212633317
"2020";"5540";"22";29.2362685721383
"2020";"5541";"22";20.4602442896742
"2020";"5551";"22";16.1218645239951
"2020";"5552";"22";24.9017685598827
"2020";"5553";"22";13.9092782912991
"2020";"5554";"22";27.0219402455337
"2020";"5555";"22";11.8591807722844
"2020";"5556";"22";8.8512501980988
"2020";"5557";"22";8.4045251381038
"2020";"5559";"22";9.7720602415440
"2020";"5560";"22";2.8997594029397
"2020";"5561";"22";42.5088822499619
"2020";"5562";"22";10.2331622995578
"2020";"5563";"22";4.7662140756659
"2020";"5564";"22";3.0980150508310
"2020";"5565";"22";14.6424804282881
"2020";"5566";"22";39.8651934254476
"2020";"5568";"22";89.7756945547672
"2020";"5571";"22";26.5752746328846
"2020";"5581";"22";22.2456740901082
"2020";"5582";"22";28.4172488726005
"2020";"5583";"22";54.1924597990240
"2020";"5584";"22";48.4842373368691
"2020";"5585";"22";19.9276653690369
"2020";"5586";"22";347.2052517868340
"2020";"5587";"22";68.3529918703931
"2020";"5588";"22";6.5399967053804
"2020";"5589";"22";34.6217462857092
"2020";"5590";"22";61.0999539646306
"2020";"5591";"22";50.2236551177232
"2020";"5592";"22";22.9841621126078
"2020";"5601";"22";16.8745367502127
"2020";"5604";"22";53.9755209158772
"2020";"5606";"22";70.1898832770182
"2020";"5607";"22";73.0722753979608
"2020";"5609";"22";3.5850959459792
"2020";"5610";"22";9.2799176048685
"2020";"5611";"22";57.9187653003879
"2020";"5613";"22";70.5344661991750
"2020";"5621";"22";14.4911243336962
"2020";"5622";"22";10.0236384470719
"2020";"5623";"22";10.5896735607214
"2020";"5624";"22";42.1710454945937
"2020";"5625";"22";9.6610320570079
"2020";"5627";"22";18.1879073671687
"2020";"5628";"22";5.2779723328596
"2020";"5629";"22";3.6428028170734
"2020";"5631";"22";8.0946941630034
"2020";"5632";"22";13.0243832946164
"2020";"5633";"22";22.9772901773677
"2020";"5634";"22";37.9400275263831
"2020";"5635";"22";63.6919267307116
"2020";"5636";"22";30.0048003238365
"2020";"5637";"22";13.8777259938833
"2020";"5638";"22";25.4264033187293
"2020";"5639";"22";11.4278777901313
"2020";"5640";"22";8.3151732132215
"2020";"5642";"22";49.1641468394670
"2020";"5643";"22";19.9542904595825
"2020";"5644";"22";4.8912420906473
"2020";"5645";"22";6.2985991607001
"2020";"5646";"22";38.7534316443367
"2020";"5648";"22";22.2472127324041
"2020";"5649";"22";15.3761680548102
"2020";"5650";"22";5.9342588985763
"2020";"5651";"22";11.1151902615444
"2020";"5652";"22";7.5707999805464
"2020";"5653";"22";8.5850770409865
"2020";"5654";"22";13.9646140047525
"2020";"5655";"22";30.4595083515897
"2020";"5661";"22";6.7010257451108
"2020";"5663";"22";4.8834139558879
"2020";"5665";"22";9.6676502509440
"2020";"5669";"22";11.6449547481773
"2020";"5671";"22";4.6501447605236
"2020";"5673";"22";10.3428009304658
"2020";"5674";"22";5.2093217446573
"2020";"5675";"22";58.8994525847294
"2020";"5678";"22";69.2322454523707
"2020";"5680";"22";8.1960641319344
"2020";"5683";"22";2.8767980737263
"2020";"5684";"22";2.4797841456142
"2020";"5688";"22";11.4418965509480
"2020";"5690";"22";6.5756322390088
"2020";"5692";"22";11.3723435662164
"2020";"5693";"22";63.4620366574825
"2020";"5701";"22";6.5022568472733
"2020";"5702";"22";57.6516994318763
"2020";"5703";"22";31.3634666980434
"2020";"5704";"22";20.7145471426212
"2020";"5705";"22";10.0287882126938
"2020";"5706";"22";9.6921709071554
"2020";"5707";"22";15.3290155083300
"2020";"5708";"22";8.7100456515778
"2020";"5709";"22";35.4751187255587
"2020";"5710";"22";8.4755425241735
"2020";"5711";"22";31.4464994356110
"2020";"5712";"22";20.6537689367714
"2020";"5713";"22";21.1443942959732
"2020";"5714";"22";11.4149293224723
"2020";"5715";"22";15.1461542053805
"2020";"5716";"22";13.4744280680093
"2020";"5717";"22";40.2017480959557
"2020";"5718";"22";22.0805622024112
"2020";"5719";"22";17.1504096680764
"2020";"5720";"22";11.6208849524627
"2020";"5721";"22";65.6658874292588
"2020";"5722";"22";7.6817567109923
"2020";"5723";"22";23.6615319792485
"2020";"5724";"22";73.6353787317716
"2020";"5725";"22";39.1432945001480
"2020";"5726";"22";30.6652436121593
"2020";"5727";"22";52.6665756258726
"2020";"5728";"22";6.8677343154394
"2020";"5729";"22";14.1011833778567
"2020";"5730";"22";22.1519045624526
"2020";"5731";"22";15.7045673373591
"2020";"5732";"22";9.7266782075799
"2020";"5741";"22";11.6977842452562
"2020";"5742";"22";7.1815045513355
"2020";"5743";"22";14.7891240568617
"2020";"5744";"22";30.8634014070166
"2020";"5745";"22";37.1665333332197
"2020";"5746";"22";25.2099597713823
"2020";"5747";"22";5.5970604251437
"2020";"5748";"22";16.5242617525063
"2020";"5749";"22";50.6566475819899
"2020";"5750";"22";15.5224353275964
"2020";"5752";"22";11.2545714663130
"2020";"5754";"22";19.4657467333723
"2020";"5755";"22";27.1276876935602
"2020";"5756";"22";11.3801468725732
"2020";"5757";"22";55.9910748215291
"2020";"5758";"22";7.8144937081278
"2020";"5759";"22";15.1291900613046
"2020";"5760";"22";17.9486374245268
"2020";"5761";"22";15.0216473339087
"2020";"5762";"22";4.2521101984463
"2020";"5763";"22";11.1515726133522
"2020";"5764";"22";71.8096015241663
"2020";"5765";"22";23.8360449726349
"2020";"5766";"22";15.9442956190432
"2020";"5785";"22";21.9144477701817
"2020";"5788";"22";5.6090318348960
"2020";"5790";"22";12.5896481201171
"2020";"5792";"22";11.5879243899578
"2020";"5798";"22";16.5762893823370
"2020";"5799";"22";23.5682261432723
"2020";"5803";"22";14.4024541329346
"2020";"5804";"22";45.0563539632210
"2020";"5805";"22";70.1459512517436
"2020";"5806";"22";38.6823547331980
"2020";"5812";"22";5.2553400099093
"2020";"5813";"22";7.0411192533743
"2020";"5816";"22";37.3061061138374
"2020";"5817";"22";20.5138439266224
"2020";"5819";"22";12.4843588423210
"2020";"5821";"22";7.9656008179856
"2020";"5822";"22";105.2508558906780
"2020";"5827";"22";10.7850879825538
"2020";"5828";"22";5.6822814519513
"2020";"5830";"22";17.3535514299752
"2020";"5831";"22";82.2823086418921
"2020";"5841";"22";134.5960720881660
"2020";"5842";"22";27.4219794878404
"2020";"5843";"22";59.0538183128786
"2020";"5851";"22";13.6691552368122
"2020";"5852";"22";9.0050133986545
"2020";"5853";"22";14.8832980446149
"2020";"5854";"22";15.8406694730046
"2020";"5855";"22";7.9184021706373
"2020";"5856";"22";23.9012106946598
"2020";"5857";"22";27.4642689295016
"2020";"5858";"22";9.9562894704322
"2020";"5859";"22";30.0409044314410
"2020";"5860";"22";20.8712374237345
"2020";"5861";"22";29.7838989860246
"2020";"5862";"22";4.0741532289604
"2020";"5863";"22";4.0752942227618
"2020";"5871";"22";40.8670446377522
"2020";"5872";"22";138.0512935333260
"2020";"5873";"22";43.1801105276821
"2020";"5881";"22";66.0445977470960
"2020";"5882";"22";49.8146416603662
"2020";"5883";"22";16.9586726534638
"2020";"5884";"22";37.5852619932301
"2020";"5885";"22";15.1714726058890
"2020";"5886";"22";144.4910791375250
"2020";"5888";"22";58.4203817907429
"2020";"5889";"22";40.2569781069212
"2020";"5890";"22";41.7237968584959
"2020";"5891";"22";9.0747694821565
"2020";"5902";"22";13.7976836570610
"2020";"5903";"22";8.5635075087973
"2020";"5904";"22";19.2323424368825
"2020";"5905";"22";16.8511502060695
"2020";"5907";"22";4.4465666739021
"2020";"5908";"22";3.0576150197378
"2020";"5909";"22";21.3495720035737
"2020";"5910";"22";12.7563326967475
"2020";"5911";"22";10.6035528300816
"2020";"5912";"22";7.2914584756241
"2020";"5913";"22";25.7197940029433
"2020";"5914";"22";13.5588039952261
"2020";"5919";"22";15.5868568660813
"2020";"5921";"22";11.2006750773311
"2020";"5922";"22";20.8373326141127
"2020";"5923";"22";7.3641815363584
"2020";"5924";"22";6.6328230474494
"2020";"5925";"22";6.0819983433172
"2020";"5926";"22";16.5880808066268
"2020";"5928";"22";7.9512785910300
"2020";"5929";"22";10.0462699337226
"2020";"5930";"22";6.3138743260546
"2020";"5931";"22";6.7873330355476
"2020";"5932";"22";5.6294785478813
"2020";"5933";"22";8.0169020348364
"2020";"5934";"22";3.3583286137843
"2020";"5935";"22";1.9997033864699
"2020";"5937";"22";4.1937692251527
"2020";"5938";"22";124.2144237280360
"2020";"5939";"22";44.7027720485319
"2020";"6002";"23";82.2735798026226
"2020";"6004";"23";11.7100310925229
"2020";"6007";"23";74.2270111693761
"2020";"6008";"23";51.2244635283858
"2020";"6009";"23";39.1328191600715
"2020";"6010";"23";16.5804167792952
"2020";"6011";"23";16.1477395038106
"2020";"6021";"23";37.4256627789976
"2020";"6022";"23";68.9666241830619
"2020";"6023";"23";111.4136001608870
"2020";"6024";"23";103.2631097962660
"2020";"6025";"23";57.2863862668059
"2020";"6031";"23";174.1223798402420
"2020";"6032";"23";23.6303731155176
"2020";"6033";"23";24.2361907854376
"2020";"6034";"23";72.7828922082883
"2020";"6035";"23";18.3689492650207
"2020";"6036";"23";47.6766483851992
"2020";"6052";"23";14.1632225705457
"2020";"6054";"23";14.9781155229699
"2020";"6056";"23";22.4590668401509
"2020";"6057";"23";16.5751909516632
"2020";"6058";"23";7.5383258968727
"2020";"6061";"23";10.0189193026785
"2020";"6076";"23";67.7470761988559
"2020";"6077";"23";43.4224869955640
"2020";"6082";"23";90.9717625708340
"2020";"6083";"23";49.4266904698766
"2020";"6084";"23";78.9198572602449
"2020";"6087";"23";27.4259919203785
"2020";"6089";"23";47.1838597522932
"2020";"6090";"23";43.0074686328318
"2020";"6101";"23";8.2304301351750
"2020";"6102";"23";21.4095397421744
"2020";"6104";"23";20.4695558225686
"2020";"6109";"23";8.3979042676050
"2020";"6110";"23";82.0883960191611
"2020";"6111";"23";27.2266583173445
"2020";"6112";"23";13.2677798515203
"2020";"6113";"23";24.4867769883919
"2020";"6116";"23";21.4991684690469
"2020";"6117";"23";14.0169306301665
"2020";"6118";"23";34.0304594753569
"2020";"6119";"23";33.4303809766693
"2020";"6131";"23";18.1710793549027
"2020";"6132";"23";33.5870048297478
"2020";"6133";"23";103.3106446056180
"2020";"6134";"23";21.0710989221327
"2020";"6135";"23";51.7545583447962
"2020";"6136";"23";140.6225994902010
"2020";"6137";"23";48.8086436064889
"2020";"6139";"23";77.8577940078919
"2020";"6140";"23";39.8531917015537
"2020";"6141";"23";74.4852474612271
"2020";"6142";"23";18.1675850302049
"2020";"6151";"23";40.6705987000382
"2020";"6152";"23";110.5238122420540
"2020";"6153";"23";116.1724961840930
"2020";"6154";"23";44.3471928930962
"2020";"6155";"23";15.4403467216905
"2020";"6156";"23";83.6178066488983
"2020";"6157";"23";53.4378365698000
"2020";"6158";"23";42.1368513153521
"2020";"6159";"23";42.2342160615484
"2020";"6172";"23";3.7590684382887
"2020";"6173";"23";11.5953324858070
"2020";"6177";"23";12.8254051495533
"2020";"6181";"23";14.2371681256414
"2020";"6191";"23";19.1586549344248
"2020";"6192";"23";10.7642808667622
"2020";"6193";"23";25.0672333355256
"2020";"6194";"23";15.2130365010099
"2020";"6195";"23";10.0494879814336
"2020";"6197";"23";5.4712785822276
"2020";"6198";"23";19.0555025050092
"2020";"6199";"23";43.0184818357765
"2020";"6201";"23";11.1255929243982
"2020";"6202";"23";15.3956982398182
"2020";"6203";"23";19.6054675609807
"2020";"6204";"23";32.5361374921427
"2020";"6205";"23";13.2335105973403
"2020";"6211";"23";17.9843035152129
"2020";"6212";"23";17.8333287975702
"2020";"6213";"23";28.8661407217034
"2020";"6214";"23";26.5216488032070
"2020";"6215";"23";23.3719276939110
"2020";"6217";"23";48.6159910916823
"2020";"6218";"23";26.4044312272857
"2020";"6219";"23";22.8139911461784
"2020";"6220";"23";10.8631786161937
"2020";"6232";"23";50.9939155582125
"2020";"6235";"23";12.8060816905225
"2020";"6238";"23";38.1394397918126
"2020";"6239";"23";17.6908597517942
"2020";"6240";"23";57.5363566973181
"2020";"6241";"23";10.7511607636154
"2020";"6246";"23";28.9680207699484
"2020";"6248";"23";146.1481865809020
"2020";"6249";"23";21.5003197726624
"2020";"6250";"23";13.3448836938284
"2020";"6252";"23";117.1430800585480
"2020";"6253";"23";138.8792338339240
"2020";"6261";"23";24.9493340527136
"2020";"6263";"23";31.2009654008700
"2020";"6265";"23";99.1297861371453
"2020";"6266";"23";249.1648826900330
"2020";"6267";"23";8.9186655225603
"2020";"6281";"23";14.1914859449667
"2020";"6282";"23";14.5072851778411
"2020";"6283";"23";7.2469082981086
"2020";"6285";"23";16.6347463261302
"2020";"6286";"23";12.8063634677880
"2020";"6287";"23";11.2310316822633
"2020";"6288";"23";15.5209259999295
"2020";"6289";"23";17.9319003077633
"2020";"6290";"23";7.5815381741479
"2020";"6291";"23";17.8965106795103
"2020";"6292";"23";42.3286960197691
"2020";"6293";"23";21.8188678266981
"2020";"6294";"23";12.7891472547069
"2020";"6295";"23";15.9941120974719
"2020";"6296";"23";22.3152958482041
"2020";"6297";"23";72.7404504496282
"2020";"6298";"23";41.7134021408672
"2020";"6299";"23";13.0021095919430
"2020";"6300";"23";20.3640859031222
"2020";"6404";"24";54.3516891906523
"2020";"6407";"24";30.4396047047557
"2020";"6408";"24";30.2413539175854
"2020";"6412";"24";22.0193219256077
"2020";"6413";"24";43.2007060157639
"2020";"6416";"24";69.3822795358336
"2020";"6417";"24";124.5658738578630
"2020";"6421";"24";230.7283301753260
"2020";"6422";"24";26.3389814631737
"2020";"6423";"24";35.1801693626747
"2020";"6431";"24";34.0904493006450
"2020";"6432";"24";39.8517454501370
"2020";"6433";"24";18.4195825921512
"2020";"6434";"24";20.9153496148206
"2020";"6435";"24";16.7943182223586
"2020";"6436";"24";82.5859837280853
"2020";"6437";"24";28.7418370048506
"2020";"6451";"24";19.2558308531612
"2020";"6452";"24";34.5945869919311
"2020";"6453";"24";12.8759856144464
"2020";"6454";"24";12.3222701585812
"2020";"6455";"24";38.1227319241275
"2020";"6456";"24";35.9148229268605
"2020";"6458";"24";123.6776473514450
"2020";"6459";"24";30.7524583395348
"2020";"6461";"24";32.3646069481741
"2020";"6485";"24";9.9886862961129
"2020";"6487";"24";270.6528319065870
"2020";"6504";"24";26.9403717400098
"2020";"6511";"24";37.9627113753936
"2020";"6512";"24";260.8498235643850
"2020";"6601";"25";12.2262226888437
"2020";"6602";"25";19.8720053714547
"2020";"6603";"25";16.9303304451740
"2020";"6604";"25";17.7664478324700
"2020";"6605";"25";20.2073188352439
"2020";"6606";"25";25.0129554623562
"2020";"6607";"25";72.4686112189817
"2020";"6608";"25";44.4426012420647
"2020";"6609";"25";13.0653137979867
"2020";"6610";"25";16.0556209918433
"2020";"6611";"25";16.7151289691529
"2020";"6612";"25";61.0338038346152
"2020";"6613";"25";22.1819875793142
"2020";"6614";"25";18.7139560217302
"2020";"6615";"25";20.3395134109497
"2020";"6616";"25";56.1234404618313
"2020";"6617";"25";46.1433097399537
"2020";"6618";"25";25.9739856778752
"2020";"6619";"25";15.8821548783819
"2020";"6620";"25";24.4044102493589
"2020";"6621";"25";263.5239810841020
"2020";"6622";"25";20.3869221466880
"2020";"6623";"25";35.3675129807696
"2020";"6624";"25";8.1605213643111
"2020";"6625";"25";8.7699669385339
"2020";"6626";"25";33.6744088341370
"2020";"6627";"25";10.5458866889179
"2020";"6628";"25";72.2774866549805
"2020";"6629";"25";28.5698018146938
"2020";"6630";"25";87.1244634687451
"2020";"6631";"25";31.7024680458635
"2020";"6632";"25";18.6490668709029
"2020";"6633";"25";57.5028559285247
"2020";"6634";"25";26.4450394338058
"2020";"6635";"25";15.5389983542697
"2020";"6636";"25";12.7109004880296
"2020";"6637";"25";12.9116483202448
"2020";"6638";"25";71.9084611463871
"2020";"6639";"25";11.5073141402528
"2020";"6640";"25";53.2626433296240
"2020";"6641";"25";25.1240683213888
"2020";"6642";"25";34.7359357577871
"2020";"6643";"25";82.8278243517865
"2020";"6644";"25";56.6767098087887
"2020";"6645";"25";66.9418119962904
"2020";"6702";"26";36.7357018757642
"2020";"6703";"26";20.4948085673637
"2020";"6704";"26";12.5582214253710
"2020";"6706";"26";11.5215216139097
"2020";"6708";"26";57.4924143207851
"2020";"6709";"26";41.3575621601794
"2020";"6710";"26";31.9482674978620
"2020";"6711";"26";95.0816563804805
"2020";"6712";"26";38.6908599798513
"2020";"6713";"26";5.1654006963334
"2020";"6715";"26";16.1610423118171
"2020";"6716";"26";6.5272590063627
"2020";"6718";"26";14.1097019839184
"2020";"6719";"26";26.3417677760836
"2020";"6721";"26";6.7648636564936
"2020";"6722";"26";14.0636845214060
"2020";"6724";"26";15.3304258649524
"2020";"6729";"26";137.0479645457390
"2020";"6730";"26";97.9345491300315
"2020";"6741";"26";14.9666225830948
"2020";"6742";"26";42.3043953749537
"2020";"6743";"26";29.0324093455135
"2020";"6744";"26";4.5691617981490
"2020";"6745";"26";11.0456219016054
"2020";"6748";"26";16.8845162989182
"2020";"6750";"26";17.5109461463090
"2020";"6751";"26";28.3342825957267
"2020";"6753";"26";27.9256252298531
"2020";"6754";"26";58.0645100319389
"2020";"6757";"26";60.0955165501086
"2020";"6758";"26";22.8628930426552
"2020";"6759";"26";15.1775198626571
"2020";"6771";"26";40.6518819905492
"2020";"6773";"26";10.2488274345239
"2020";"6774";"26";41.2663417292734
"2020";"6775";"26";25.9628324314190
"2020";"6778";"26";37.9021078782662
"2020";"6781";"26";22.2665057463663
"2020";"6782";"26";30.9218053097429
"2020";"6783";"26";15.4873465248894
"2020";"6784";"26";47.1356191418910
"2020";"6785";"26";26.8738265692997
"2020";"6787";"26";12.4118051783977
"2020";"6789";"26";17.3363588288245
"2020";"6790";"26";39.2322208067839
"2020";"6792";"26";19.5561240390237
"2020";"6793";"26";10.3795211791962
"2020";"6800";"26";70.1787374214790
"2020";"6806";"26";19.2962784939672
"2020";"6807";"26";46.6173890376788
"2020";"6808";"26";101.2410659215460
"2020";"6809";"26";64.0423433511670
"2020";"6810";"26";43.2662833926287
